New Balance Капитолий;(499) 270-28-98;nb.kapitoliy@jamilco.ru
New Balance Кунцево Плаза;(499) 270-35-03;nb.kuntsevo@jamilco.ru
New Balance Афимол;(499) 922-10-85 ;nb.afimall@jamilco.ru
New Balance Авеню;(495) 419 58 54;nb_avenue@jamilco.ru
New Balance Щука;(495) 229-97-23;nb_schuka@jamilco.ru
New Balance Гринвич;(343) 311-14-86;newb_grinvich@jamilco.ru
New Balance Европа;(343) 386-29-29;nb_ekat@jamilco.ru
New Balance Галерея;(812) 385-93-44;nb.galeria.spb@jamilco.ru
New Balance Гранд Каньон;(812) 648-19-34;nb_gk_spb@jamilco.ru
New Balance Мега Дыбенко;(812) 448-34-53;nb.mega.spb@jamilco.ru
New Balance Радуга;(812) 448-87-74;raduga@jamilco.ru
New Balance Льва Толстого;(812) 346-22-90;naf.tolstoy@jamilco.ru
New Balance Горизонт;(863) 272-52-94;nb.gorizont@lvbco.ru
New Balance Европейский;(495) 229-79-07;nb_euro@jamilco.ru
New Balance Метрополис;(499) 922-19-13;metropolis@jamilco.ru
New Balance Мега Белая Дача;(495) 287-07-45;nb.megabd@jamilco.ru
New Balance Мега Химки;(495) 705-98-27;nb_himki@jamilco.ru
New Balance Гум;(495) 785-92-68;nb.gum@jamilco.ru
New Balance Вегас;(495) 987-32-80;nb.vegas@jamilco.ru
Timberland Европейский;(495) 229-79-09;tim.europeyskiy@jamilco.ru
Timberland Метрополис;(499) 922-19-14;timberland.metropolis@jamilco.ru
Timberland Вегас;(495) 987-35-61;tim_vegas@jamilco.ru
Timberland Мега Белая дача;(495) 967-96-57 ;mega3@jamilco.ru
Timberland Мега Теплый стан;(495) 783-81-87;timberland.megats@jamilco.ru
Timberland Мега Химки;(495) 221-33-69;mega2@jamilco.ru
Timberland Атриум;(499) 272-72-41;tim.atrium@jamilco.ru
Timberland Капитолий;(495) 644-29-68;ramstor7@jamilco.ru
Timberland Золотой Вавилон;(499) 270-57-23;tim.vavilon@jamilco.ru
Timberland Кунцево Плаза;(499) 270-35-02;tim_kuntsevo@jamilco.ru
Timberland Авеню;(499) 951-38-37 ;tim_avenue@jamilco.ru
Timberland Гринвич;(343) 311-14-85;tim_grinvich@lvbco.ru
Timberland Европа;(343) 311-14-85 ;timberland_europe@lvbco.ru
Timberland Галерея;(343) 253-70-24;galereya.spb@lvbco.ru
Timberland Мега Дыбенко;(812) 449-08-86;mega4@lvbco.ru
Timberland Радуга;(812) 493-23-22;raduga@jamilco.ru
Timberland Горизонт;(812) 448-87-76;gorizont@lvbco.ru
Juicy Couture Неглинная;(495) 705-98-35/53154;jc_ngl@jamilco.ru
Juicy Couture Гум;(495) 620-35-63;jc.gum@jamilco.ru
Juicy Couture Времена Года;(495) 221-64-70;jc.seasons@jamilco.ru
Juicy Couture Галерея Бутиков;(812) 449-94-23/28;jc_grand@jamilco.ru
Juicy Couture Горизонт;(863) 272-52-92;jc.gorizont@lvbco.ru
Juicy Couture Галереия Астор;(863) 295-79-59;jc_astor@jamilco.ru
Wolford Европа;+7 (343) 386-25-25;wolford_europe@jamilco.ru
Wolford ГУМ;+7 (495) 620-33-66;wolford_gum@jamilco.ru
Wolford Атриум;+7 (495) 970-14-45;wolford.atrium@jamilco.ru
Wolford Европейский;+7 (495) 229-19-60;wolford_europa@jamilco.ru
Wolford Метрополис;+7 (495) 723-71-91;wolford_metropolis@jamilco.ru
Wolford Неглинная;+7 (495) 705-98-32;wolford_neglinnaja@jamilco.ru
Wolford Времена года;+7 (495) 660-75-74;wolford.seasons@jamilco.ru
Wolford Петровка;+7 (495) 783-31-50;wolford_petrovka@jamilco.ru
Wolford Гранд Палас;+7 (812) 449-94-40;wolford_spb@jamilco.ru
Wolford Радуга;+7 (812) 448-87-72;wolford_raduga@jamilco.ru
Wolford Apriori;+7 (812) 495-41-69;wolford_apriori@jamilro.ru
Wolford Горизонт;+7 (863) 272-54-97;wolford_gorizont@jamilco.ru
Wolford Астор Плаза;+7 (863) 297-59-69;wolford_astor@jamilco.ru