"Артикул","Название модели (англ. ориг. поставщика)","Подгруппа"
"WFKR48071/303","FT AGATE ANIMAL MICRO TERRY ROMPER","Комбинезоны"
"WJW98/GRN","B - JUICY SCRIPT ENAMEL BANGLE","Браслеты"
"WFST24298/TOUR","CROPPED SHEER DAISY JACQUARD PULLOVER","Свитера"
"WFWV76750/501","SW HIBISCUS LACE VEST","Жилеты"
"WFWR77423/425","DNM BRAIDED CULOTTE JUMPSUIT","Комбинезоны"
"WFWR76733/500","SW HIDDEN COVE FLORAL LACE UP JUMPSUIT","Комбинезоны"
"JWTKJ82403/419","TRK KNIT HAVANA SOLID JACKET","Толстовки"
"JWFKT78558/403","KNT LOGO RAINBOW GRAPHIC TEE","Футболки"
"JWFWB86195/421","DNM CACTUS EMB GIRLFRIEND JEAN","Джинсы"
"WTKT99525/419","TRK FLORAL COUTURE CLASSIC SS TEE","Футболки"
"WTKT82859/419","TRK LT WT VELOUR PARADISE COVE PULLOVER","Толстовки"
"WTKB86102/419","TRK LW VELOUR CROPPED WIDE LEG PANT","Брюки"
"WTKB82730/419","TRK STRETCH VELOUR STIRRUP LEGGING","Брюки"
"WFWJ85657/415","DNM HANDS OFF FLORAL EMBELLISHED JACKET","Куртки"
"WFWD84561/419","SW HAILEY LACE SHIFT DRESS","Платья"
"WFSB85786/419","SWTR CASHMERE COLORBLOCK PANT","Брюки"
"WFWB85656/415","DNM FLORAL EMBELLISHED BOYFRIEND JEAN","Джинсы"
"WFWJ86311/496","HW ELODIE TWEED JACKET","Жакеты"
"WFKD89371/419","KNT FIT & FLARE PONTE DRESS","Платья"
"WHB773/419","FAIRMONT FAIRYTALE FLORAL MINI BUCKLE BA","Backpack"
"WTKT68025/419","TRK STRETCH VELOUR CAMI","Топы, майки"
"WTKT62189/419","TRK SPRING BOUQUET CLASSIC SS TEE","Футболки"
"WTKR74276/419","TRK MICROTERRY JUICY SUNSET ROMPER","Комбинезоны"
"WTKJ68021/419","TRK VELOUR FAIRFAX JACKET","Куртки"
"WTKJ68019/419","TRK VELOUR BEACHWOOD JACKET","Толстовки"
"WTKB68022/419","TRK VELOUR SILVERLAKE PANT","Брюки"
"WFWT65655/483","DNM SHIRTING CHAMBRAY TOP","Блузки"
"WJW57507/419","S/3 CHARMY","Заколки, резинки, шпильки"
"WFKT57936/049","FT MON AMOUR GRAPHIC TEE","Футболки"
"WFKT57635/419","FT BALTIC FLORAL EMB PULLOVER","Свитера"
"WFKT57356/049","KNT JUICY TIGER GRAPHIC TEE","Футболки"
"WFKJ57630/419","FT ZEPHYR FRENCH TERRY JACKET","Толстовки"
"WFKB57632/419","FT ZEPHYR FRENCH TERRY STRAIGHT LEG PANT","Брюки"
"WJW57510/419","S/10 CHARMY","Заколки, резинки, шпильки"
"WTKJ50599/419","LOGO VLR JUICY STUD SCRIPT ROBERTSON JCK","Толстовки"
"WTKJ50567/441","LOGO VLR FLEUR COUTURE ROBERTSON JACKET","Толстовки"
"WTKJ50551/419","J BLING WESTWOOD VLR JACKET","Толстовки"
"WTKB50600/419","LOGO VLR JUICY STUD SCRIPT DEL REY PANT","Брюки"
"WTKB50568/441","LOGO VLR FLEUR COUTURE DEL REY PANT","Брюки"
"WTKT56809/419","LOGO JUICY STUD SCRIPT LS TEE","Футболки"
"WHB500/419","SOLSTICE PAISLEY EMBROIDERY MINI BACKPAC","Backpack"
"WFWJ52563/418","HW NOVELTY PUFFER FAUX FUR COAT","Пальто"
"WFWD52974/419","SW BALATON JACQUARD DRESS","Платья"
"WFWB53262/460","DNM DARK RINSE FLARE JEAN","Джинсы"
"WFST53145/419","SWTR WOVEN BACK BEADED PLAID CARDIGAN","Кардиганы"
"WFKT53193/419","KNT JERSEY JUICY ICONIC TEE","Футболки"
"WFKT53193/049","KNT JERSEY JUICY ICONIC TEE","Футболки"
"WFKT52603/419","KNT SHOP NOW FASHION GRAPHIC TEE","Футболки"
"WFKT50579/049","KNT JUICY LACE GRAPHIC TEE","Футболки"
"WFKJ56746/419","FT TOTALLY JUICY SUNSET JACKET","Толстовки"
"WFKD56716/419","KNT PONTE LASER CUT DRESS","Платья"
"WFKB56748/419","FT TOTALLY JUICY ZUMA PANT","Брюки"
"GHB88/049","TRAVELING JUICY GIRL SURFSIDE BACKPACK","Backpack"
"WFWR48212/425","DNM INDIGO CHAMBRAY JUMPSUIT","Комбинезоны"
"WFKT43128/419","KNT STAY GLAM GRAPHIC TEE","Футболки"
"WFKT43264/442","KNT YO JUICY GRAPHIC TEE","Футболки"
"WFST41641/420","SWTR EMBROIDERED VARSITY SWEATER JACKET","Жакеты"
"WFWJ42868/463","DNM FLORAL EMBROIDERED DENIM JACKET","Жакеты"
"WFWD42026/417","SW SILK ANTIBES TILE DRESS","Платья"
"WFWD42018/442","SW CORAL REEF GUIPURE LACE DRESS","Платья"
"WFWD41998/446","SW SILK MATISSE FLORAL DRESS","Платья"
"WFWB42883/453","DNM CORE SKINNY JEAN","Джинсы"
"WHB287/422","TOPANGA FRINGE MINI DRAWSTRING","Pouches"
"WIKT34823/410","MODAL JC MONARCH LEOPARD PULLOVER","Пижамы"
"WIKB34826/410","MODAL MONARCH LEOPARD SHORT","Пижамы"
"WJW575/463","R - ROYAL PUNK RING SET","Кольца"
"WTKT31326/465","LOGO JC CROWN VLR ORIG JACKET","Толстовки"
"WTKB31356/465","LOGO JC CROWN VLR ORIG PANT","Брюки"
"WFWT32464/419","LONG PUFFER COAT","Пальто"
"WFWD28595/418","HOT SUMMER STRIPE DRESS","Платья"
"WFWB28576/401","GLOBETROTTER TWEED SHORT","Шорты"
"WFWB24062/REGL","EMBROIDERED CREPE PANT","Брюки"
"WIKD24575/REGL","SLEEPY HEART JACQUARD NIGHTIE","Футболки"
"WTKT25281/REGL","J BLING S/S TERRY JACKET","Толстовки"
"WTKB25271/DROY","MODERN TRACK SLIM VLR PANT","Брюки"
"JG006697/REG","VELOUR BLING BOOTCUT PANT","Брюки"
"WFKT78470/119","KNT EMBELLISHED CALIFORNIA TANK","Футболки"
"WTKT87126/119","TRK INTERWOVEN JC HIGH-LOW SS TEE","Футболки"
"WFKT89013/119","KNT DOME STUD EMB TEE","Футболки"
"WFKT86052/106","KNT YAS QUEEN GRAPHIC TEE","Футболки"
"WFKT86041/119","KNT JUICYLAND GRAPHIC TEE","Футболки"
"WFKT86029/119","KNT MAGIC GRAPHIC TEE","Футболки"
"WFKT86026/119","KNT HANDS OFF TANK","Футболки"
"WTKT62205/119","TRK CRYSTAL DREAMS CLASSIC SS TEE","Футболки"
"WTKR74276/119","TRK MICROTERRY JUICY SUNSET ROMPER","Комбинезоны"
"WTKJ65972/119","TRK MICROTERRY JACKET W RACER STRIPE","Толстовки"
"WTKD72818/119","TRK MICROTERRY TANK DRESS W RACER STRIPE","Платья"
"WTKB72821/119","TRK MICROTERRY PANT W RACER STRIPE","Брюки"
"WFWT71908/106","SW PALMS LACE TOP","Блузки"
"WFST64417/100","SWTR INTARSIA PULLOVER","Толстовки"
"WFKT72118/119","KNT WASHED JERSEY STUDDED TEE","Футболки"
"WFKT69337/119","KNT COLLEGIATE DISTRESSED TANK","Футболки"
"WFKT67979/154","KNT CALI VIBE COLORBLOCK GRAPHIC TEE","Футболки"
"WFKT64662/119","KNT HOLLYWOOD DISTRESSED GRAPHIC TANK","Футболки"
"WFKT60963/119","KNT YEAH SEQUIN GRAPHIC TEE","Футболки"
"WFKT57358/119","KNT BLING IT ON TIGER GRAPHIC TEE","Футболки"
"WTKT56809/160","LOGO JUICY STUD SCRIPT LS TEE","Футболки"
"WTKT50589/119","LOGO STUDDED MEDALLION SS TEE","Футболки"
"WTKT50582/160","LOGO GEO CROWN SS TEE","Футболки"
"WTKT50569/160","LOGO FLEUR COUTURE SS TEE","Футболки"
"WTKT50560/119","LOGO STARBURST CAMEO SS TEE","Футболки"
"WFKT57067/119","FT COUTURE ANYONE FASHION GRAPHIC TEE","Футболки"
"WFKT56705/119","KNT STAY GOLD FASHION GRAPHIC TEE","Футболки"
"WFKT53193/119","KNT JERSEY JUICY ICONIC TEE","Футболки"
"WFKJ52724/101","FT COLOR BLOCK FRENCH TERRY JACKET","Кардиганы"
"WFA149/101","JUICY JACQUARD GLOVES","Перчатки, варежки, муфты"
"WFA134/101","JUICY JACQUARD SCARF","Шарфы"
"WFA133/101","JUICY JACQUARD HAT","Шапки"
"WFKT47655/119","KNT JUICY DID IT FIRST GRAPHIC TEE","Футболки"
"WFKT47654/119","KNT FASHION IS MY FAVORITE GRAPHIC TEE","Футболки"
"WFWD47772/662","SW SILK GRAPHIC FLORAL DRESS","Платья"
"WFWD42064/111","SW SILK KASBAH PAISLEY BORDER DRESS","Платья"
"WFKT42039/113","FT MARRAKECH EMBROIDERED PULLOVER","Свитера"
"WFST41640/119","SWTR POPCORN STITCH LOOSE PULLOVER","Свитера"
"WTKB31357/109","LOGO JC MEDALLION VLR ORIG PANT","Брюки"
"WFA48/117","JUICY STUDDED LOGO SCARF","Шарфы"
"WFWT32504/109","LT WT MIXED PUFFER VEST","Жилеты"
"WFST32308/109","BOXY PULLOVER","Свитера"
"WFKT28808/119","EMBELLISHED PALM TANK","Футболки"
"WFWT28610/119","SUNDIAL STRIPED LACE TOP","Блузки"
"WFWD28438/119","TIKI EYELET MAXI DRESS","Платья"
"WFWT24043/ANGL","DAISY GUIPUERE BUSTIER","Блузки"
"WFWT24050/ANGL","EMBROIDERED COTTON W/LACE TOP","Блузки"
"WFKT24249/ANGL","MIXED FABRIC EMB APPLIQUE TOP","Блузки"
"WFKT24176/WHIT","GRAPHIC BRUSH MICROTERRY PULLOVER","Свитера"
"WIKD24960/WHIT","NEED MORE SLEEP' GRAPHIC NIGHTIE","Футболки"
"WSKT24592/WHIT","GRAPHIC MUSCLE TEE","Топы, майки"
"WSKT24596/WHIT","REVERSIBLETANK W/BBALL MESH","Топы, майки"
"WIWT24581/WHIT","WISTERIA VOILE CAMI","Топы, майки"
"WIWB24582/WHIT","WISTERIA VOILE PANT","Пижамы"
"WFKT25439/WHIT","PALM SPRINGS SCOOP NECK GRAPHIC TEE","Футболки"
"JG010359/FVDOT","LUREX STRIPE SILK BLOUSE","Блузки"
"WTKB108847/009","JUICY GOTHIC CRYSTALS VELOUR HIGH-RISE ZUMA PANT","Брюки"
"WTKT108845/009","JUICY GOTHIC CRYSTALS VELOUR HOODED PULLOVER","Толстовки"
"WTKD77929/009","TRK VLR SPORTY HERITAGE DRESS","Платья"
"WTKD77906/009","TRK VELOUR LACE UP STRAPPY DRESS","Платья"
"WTKB82730/009","TRK STRETCH VELOUR STIRRUP LEGGING","Леггинсы"
"JWTKT78391/009","TRK EMBROIDERED TERRY PULLOVER","Свитера"
"JWTKB78390/009","TRK EMBROIDERED TERRY TRACK PANT","Брюки"
"WFWT86564/009","SW SOLID RUFFLE TIE FRONT TOP","Топы, майки"
"WTKT87125/009","TRK VLR INTERWOVEN JC CREW SS TEE","Футболки"
"WTKT82859/009","TRK LT WT VELOUR PARADISE COVE PULLOVER","Свитера"
"WTKJ87124/009","TRK VLR INTERWOVEN JC ROBERTSON JKT","Толстовки"
"WTKJ86227/009","TRK VELOUR SOLID BLAZER","Жакеты"
"WTKB87100/996","TRK VLR JUICY GEMS COLORBLOCKED ZUMA PNT","Брюки"
"WTKB86102/009","TRK LT WT VLR CROPPED WIDE LEG TROUSER","Брюки"
"WTKB103791/009","TRK VLR INTERWOVEN JC DEL REY PANT","Брюки"
"WFKT89013/009","KNT DOME STUD EMB TEE","Футболки"
"WFWB94006/009","SW SOLID RUFFLE SKIRT","Юбки"
"WHB778/009","FAIRMONT FAIRYTALE VELOUR BUCKLE BACKPAC","Backpack"
"WHB774/009","FAIRMONT FAIRYTALE VELOUR LIL J","Crossbody"
"WHB772/009","FAIRMONT FAIRYTALE LEATHER MINI BACKPACK","Backpack"
"WTKT72844/009","TRK FRENCH TERRY STUD EMB  PULLOVER","Свитера"
"WTKJ68021/009","TRK VELOUR FAIRFAX JACKET","Толстовки"
"WTKJ68019/009","TRK VELOUR BEACHWOOD JACKET","Толстовки"
"WTKJ65984/009","TRK TRICOT GRAPHIC JACKET W STRIPE","Куртки"
"WTKJ65972/009","TRK MICROTERRY JACKET W RACER STRIPE","Толстовки"
"WTKD68023/009","TRK STRETCH VELOUR FITTED TANK DRESS","Платья"
"WTKB72845/009","TRK FRENCH TERRY STUD EMB SLIM PANT","Брюки"
"WTKB72821/009","TRK MICROTERRY PANT W RACER STRIPE","Брюки"
"WTKB68034/132","TRK TRICOT FULLERTON DAISY PANT W STRIPE","Брюки"
"WTKB68033/132","TRK TRICOT FULLERTON DAISY SHORT","Шорты"
"WTKB68022/009","TRK VELOUR SILVERLAKE PANT","Брюки"
"WFWT71908/180","SW PALMS LACE TOP","Блузки"
"WFWT64965/136","SW BUTTERFLY LACE TOP","Блузки"
"WFWD68287/141","SW CHERRY BURST TANK DRESS","Платья"
"WFWD68260/009","SW STUDDED RUFFLE DRESS","Платья"
"WFWD65341/145","SW GOSSIP POP JACQUARD DRESS","Платья"
"WFWD65333/132","SW FULLERTON DAISY FLIRTY DRESS","Платья"
"WFWD65331/132","SW FULLERTON DAISY MAXI DRESS","Платья"
"WFWD64962/963","SW DREW LACE DRESS","Платья"
"WFWD64959/009","SW FLIRTY RUFFLE DRESS","Платья"
"WFWD64955/135","SW DOWNTOWN FLORAL EMBR MESH DRESS","Платья"
"WFWB73576/963","SW DREW LACE SHORTS","Шорты"
"WFWB71910/180","SW PALMS LACE SKIRT","Юбки"
"WFWB65318/136","SW BUTTERFLY LACE SKIRT","Юбки"
"WFST69130/009","SWTR JACQUARD JUICY LOVE GLAM PULLOVER","Свитера"
"WFST64417/009","SWTR INTARSIA PULLOVER","Толстовки"
"WFSD64392/158","SWTR MIX STITCH LUREX STRIPE DRESS","Платья"
"WFKT72118/009","KNT WASHED JERSEY STUDDED TEE","Футболки"
"WFKT66190/006","KNT LA MADE IN ROCK GRAPHIC TEE","Футболки"
"WFKT64636/009","KNT FLORAL DANCE LACE TEE","Футболки"
"WFKD64623/969","KNT COLORBLOCK SCUBA DRESS","Платья"
"WFKB64785/968","KNT COLOBLOCKED LEGGING","Брюки"
"WFWT57367/009","SW SATIN BLOUSE","Блузки"
"WFWJ65944/009","HW LEATHER JACKET","Куртки"
"WFWJ60840/009","HW HOODED PUFFER JACKET","Куртки"
"WFWJ60839/009","HW PUFFER COAT W FAUX FUR COLLAR","Пальто"
"WFWJ57415/009","HW NYLON SATEEN PARKA","Куртки"
"WFWJ57410/009","HW MELTON EMBROIDERED COAT","Пальто"
"WFWD60967/009","SW FLIRTY DRESS","Платья"
"WFKT64975/009","FT EMBELLISHED PULLOVER","Свитера"
"WFKT57933/009","FT LOVE JUICY COUTURE TEE","Футболки"
"WFKT57674/009","FT SWEET HEART EMBROIDERY PULLOVER","Свитера"
"WFKJ57687/009","FT EMBELLISHED LACE JACKET","Куртки"
"WFKD57338/009","KNT GEO SEQUIN EMBELLISHED MESH DRESS","Платья"
"WFKD57337/009","KNT BAROQUE FLORAL LACE DRESS W EMB NECK","Платья"
"WFKB57712/009","KNT PONTE BUCKLE BELT PANT","Брюки"
"WFKB57688/009","FT EMBELLISHED LACE PANT","Брюки"
"WFKB57676/009","FT SWEET HEART EMBROIDERY PANT","Брюки"
"WFKB57343/009","KNT FAUX LEATHER LEGGING","Брюки"
"WJW66558/009","FASHION CHOKER","Колье, цепочки, шнурки"
"WHB575/009","LUXE PARTY FEATHER CROSSBODY","Crossbody"
"WHB538/009","SOLSTICE GOLD EMBROIDERY MINI BACKPACK","Backpack"
"WFKJ56727/009","FT VLR EAU DE COUTURE WESTWOOD JACKET","Толстовки"
"WFKB56728/009","FT VLR EAU DE COUTURE MALIBU PANT","Брюки"
"WTKJ50583/009","LOGO VLR GARDEN EMBROIDERY ROBERTSON JCK","Толстовки"
"WTKJ50551/009","J BLING WESTWOOD VLR JACKET","Толстовки"
"WTKB50584/009","LOGO VLR GARDEN EMBROIDERY ZUMA PANT","Брюки"
"WSKB53182/009","SPT JC LONG LEGGING","Леггинсы"
"WSG126/009","BRENTWOOD COSMETIC CASE","Косметички"
"WTKT50585/009","LOGO GARDEN EMBROIDERY SS TEE","Футболки"
"WSKT53179/009","SPT WILD AND FREE PULLOVER","Свитера"
"WSG147/009","LAUREL CHAINED WALLET","Кошельки"
"WSG145/009","BRENTWOOD PHONE CROSSBODY","Чехлы"
"WSG125/009","BRENTWOOD TECH WALLET","Кошельки"
"WHB487/009","FOLKLORE FLORAL BACKPACK","Backpack"
"WHB485/009","FOLKLORE FLORAL MICRO BACKPACK","Backpack"
"WHB484/009","WESTLAKE CONVERTIBLE CROSSBODY FANNYPACK","Crossbody"
"WHB483/009","WESTLAKE BACKPACK","Backpack"
"WHB456/009","BALBOA TOP HANDLE CROSSBODY","Crossbody"
"WHB454/500","BALBOA MINI CROSSBODY","Crossbody"
"WHB454/009","BALBOA MINI CROSSBODY","Crossbody"
"WHB453/009","LAUREL BACKPACK","Backpack"
"WHB451/009","LAUREL CROSSBODY","Crossbody"
"WHB449/009","SOLSTICE FLOWER APPLIQUE MINI BACKPACK","Backpack"
"WHB448/500","SOLSTICE SPORTY STRIPE MINI BACKPACK","Backpack"
"WHB433/009","BRENTWOOD BACKPACK","Backpack"
"WHB430/009","BRENTWOOD DUFFLE","Crossbody"
"WHB429/009","BRENTWOOD MULTI CLUTCH","Clutch"
"WFWJ53188/500","HW FLEECE BONDED NYLON PARKA","Куртки"
"WFWJ52549/009","HW PUFFER COAT","Пальто"
"WFKT56742/009","KNT JUICY CHAIN GRAPHIC TEE","Футболки"
"WFKT56729/009","KNT EAU DE COUTURE GRAPHIC TEE","Футболки"
"WFKT56707/009","KNT LEOPARD FASHION GRAPHIC TEE","Футболки"
"WFKT56694/500","KNT PONTE EMBELLISHED BLOUSE","Блузки"
"WFKT53193/009","KNT JERSEY JUICY ICONIC TEE","Футболки"
"WFKT53120/009","KNT JUICY PLAYING CARD FASHION GRPHC TEE","Футболки"
"WFKT52598/009","KNT JUICY NEW BLACK FASHION GRAPHIC TEE","Футболки"
"WFKD52590/009","KNT PONTE EMBROIDERED PAISLEY DRESS","Платья"
"WFKD52542/009","KNT PONTE EMBELLISHED DRESS","Платья"
"WFKB53532/009","KNT HIGH WAISTED 5 PKT PONTE JEAN","Джинсы"
"WFKB52714/500","FT COLOR BLOCK FRENCH TERRY PANT","Брюки"
"WFKB52580/009","KNT PONTE HIGH WAISTED FLARE JEAN","Джинсы"
"WFA149/009","JUICY JACQUARD GLOVES","Перчатки, варежки, муфты"
"WFA134/009","JUICY JACQUARD SCARF","Шарфы"
"WFA133/009","JUICY JACQUARD HAT","Шапки"
"WSKT42609/007","SPT COMPRESSION RACER BACK BRA","Бюстгальтеры"
"WFSJ47787/004","SWTR EMBELLISHED BIRDSEYE KNIT JACKET","Жакеты"
"WFKT45063/009","KNT I WANT U GRAPHIC TEE","Футболки"
"WFKT42001/009","FT MATISSE FLORAL APPLIQUE PULLOVER","Свитера"
"WFKD42148/002","KNT PONTE MATISSE FLORAL DRESS","Платья"
"WFWD42007/001","SW SILK SEA SPRAY FLORAL SHIRT DRESS","Платья"
"WSG71/001","LARCHMONT COSMETIC BAG","Косметички"
"WSG89/001","SWAROVSKI TECH WRISTLET","Кошельки"
"WSG46/001","LUXE LOCKS FLAP WALLET","Кошельки"
"WFKB32259/009","PLEATED PONTE SKIRT","Юбки"
"WFA48/001","JUICY STUDDED LOGO SCARF","Шарфы"
"WFWT33371/009","THE JUICY BLOUSE","Блузки"
"WFWT32505/009","LEATHER MOTO","Куртки"
"WFWT32504/009","LT WT MIXED PUFFER VEST","Жилеты"
"WFWT32408/976","BI COLORED LEOPARD TEE","Футболки"
"WFWB32244/009","REBEL ROMANCE EMBROIDERED SKIRT","Юбки"
"WFST32308/009","BOXY PULLOVER","Свитера"
"WFST32287/026","TEXTURED HEART GRAPHIC PULLOVER","Свитера"
"PATTY/BLACK","PATTY","Балетки"
"WSKT25214/FPLEO","MESH RACERBACK BRA","Бюстгальтеры"
"WSKB24601/FPLEO","CROP LEGGING","Леггинсы"
"WFST24300/PBLK","EMBELLISHED FLORAL ZIP CARDIGAN","Кардиганы"
"WFKT24231/PBLK","EMBELLISHED MIXED FABRIC TOP","Блузки"
"WFST26380/PBLK","TONAL DAISY INTARSIA PULLOVER","Свитера"
"WFWB24716/PBLK","GLAMOUR-SOFT SKINNY","Джинсы"
"JG010388/BCHEE","SUPER SOFT SKINNY BAROQUE CHEETAH","Джинсы"
"JG010379/PBLK","CUPID SCROLL FLOCKED SCUBA LEGGING","Леггинсы"
"JG009842/PBTRU","True rose printed blouse","Блузки"
"JG008318/BLK","SLIM COMFY PANT","Брюки"
"JG006697/BLK","VELOUR BLING BOOTCUT PANT","Брюки"
"JG005959/BLK","J BLING HOODIE","Толстовки"
"WFWD76759/950","SW HIDDEN COVE FLORAL STRAPPY MIDI DRESS","Платья"
"WFKT78577/382","KNT JUICYLAND TEE","Футболки"
"WTKT68025/689","TRK STRETCH VELOUR CAMI","Топы, майки"
"WTKJ68027/695","TRK REVERSIBLE METALLIC CRACKLED JACKET","Куртки"
"WTKJ68021/689","TRK VELOUR FAIRFAX JACKET","Толстовки"
"WTKB68022/689","TRK VELOUR SILVERLAKE PANT","Брюки"
"WFSD73435/661","SWTR MIX STITCH STRIPE DRESS","Платья"
"WTKJ50586/650","LOGO VLR STUDDED MEDALLION ROBERTSON JCK","Толстовки"
"WTKJ50551/672","J BLING WESTWOOD VLR JACKET","Толстовки"
"WTKB50587/650","LOGO VLR STUDDED MEDALLION DEL REY PANT","Брюки"
"WTKB50554/672","BLING ZUMA VLR PANT","Брюки"
"WTKT50589/650","LOGO STUDDED MEDALLION SS TEE","Футболки"
"WHB484/660","WESTLAKE CONVERTIBLE CROSSBODY FANNYPACK","Crossbody"
"WHB483/660","WESTLAKE BACKPACK","Backpack"
"WFWT52973/660","SW SILK CHARMEUSE BLOUSE","Блузки"
"WFWJ52831/831","SW STOCKHOLM FLORAL EMB JACKET","Кардиганы"
"WFWJ52523/689","HW BRUSHED WOOL COAT","Пальто"
"WFST53119/031","SWTR BASKET WEAVE STITCH LOOSE PULLOVER","Свитера"
"WFKT56980/831","KNT JUICY GLITTER FASHION GRAPHIC TEE","Футболки"
"WFKT56741/660","KNT COUTURE CROWN GRAPHIC TEE","Футболки"
"WFKT52604/650","KNT HAUTE MESS FASHION GRAPHIC TEE","Футболки"
"WFKT43283/680","KNT LOVE CROWN GRAPHIC TEE","Футболки"
"WIKD33339/533","OOH LALA JUICY GRAPHIC NIGHTIE","Футболки"
"WJW80/RGLD","N - MULTI ICON STATION NECKLACE","Колье, цепочки, шнурки"
"WIKD26612/SOFT","WAIT, WHAT' GRAPHIC NIGHTIE","Футболки"
"WIKB24577/SOFT","SLEEPY HEART JACQUARD SHORTS","Трусы"
"WTKT25281/SOFT","J BLING S/S TERRY JACKET","Толстовки"
"9JMS2016/WBHRT","WINTER BLOSSOM FLANNEL NIGHTIE","Сорочки ночные"
"YSRU3015/RGLD","BOW AND PEARL KEYFOB","Ключницы"
"9JMS2018/WBHRT","WINTER BLOSSOM FLANNEL PJ TOP","Пижамы"
"9JMS2017/WBHRT","WINTER BLOSSOM FLANNEL PANT","Пижамы"
"YJRU8301/RGLD","N - pave octagon and chain necklace","Колье, цепочки, шнурки"
"YJRU8291/RGLD","R - stackable ring set","Кольца"
"YJRU8215/RGLD","N - multi layer dram necklace","Колье, цепочки, шнурки"
"WFST69132/113","SWTR YEAH INTARSIA PULLOVER","Свитера"
"WTKT64658/967","TRK LT WT VLR COLORBLOCKED HOODIE","Толстовки"
"WFWD64950/134","SW DOWNTOWN FLORAL DRESS","Платья"
"WTKR77858/653","TRK MICROTERRY FLAMINGO ROMPER","Комбинезоны"
"WTKT87097/652","TRK VLR JUICY GEMS COLORBLOCKED PULLOVER","Толстовки"
"WTKB87100/652","TRK VLR JUICY GEMS COLORBLOCKED ZUMA PNT","Брюки"
"WFKD43038/611","FT FRENCH TERRY LOVE CROWN TUNIC","Блузки"
"WFKT42060/611","FT FRENCH TERRY LOVE CROWN PULLOVER","Свитера"
"WFWD42018/611","SW CORAL REEF GUIPURE LACE DRESS","Платья"
"WFST41640/611","SWTR POPCORN STITCH LOOSE PULLOVER","Свитера"
"WSG71/654","LARCHMONT COSMETIC BAG","Косметички"
"WHB287/654","TOPANGA FRINGE MINI DRAWSTRING","Pouches"
"WTKT31326/519","LOGO JC CROWN VLR ORIG JACKET","Толстовки"
"WTKB34246/519","LOGO JUICY DIAMONDS VLR ORIG PANT","Брюки"
"WTKB31356/519","LOGO JC CROWN VLR ORIG PANT","Брюки"
"WFKT78577/605","KNT JUICYLAND TEE","Футболки"
"WHB293/821","MINI J","Crossbody"
"WJW57502/712","FABERGE EGG CHARM","Подвески, кулоны"
"WJW58047/712","JUICY TREATS KEY FOB","Брелки"
"WJW57579/712","PEARL WISHES RINGS","Кольца"
"WJW57531/712","MASH UP ENAMEL HEART KEY FOB","Брелки"
"WJW57529/712","TEXT KEY FOB","Брелки"
"WJW57523/712","HEDGEHOG KEY FOB","Брелки"
"WJW57504/712","MATRYOSKA DOLL CHARM","Подвески, кулоны"
"WJW57503/712","CAVIAR CHARM","Подвески, кулоны"
"WJW57501/712","HEDGEHOG CHARM","Подвески, кулоны"
"WJW57499/712","SNOW GLOBE CHARM","Подвески, кулоны"
"WJW57447/712","BIRD EXPRESSIONS EARRINGS","Серьги"
"WJW57435/712","VINTAGE CHARM LUXE WISHES RING","Кольца"
"WJW57432/712","VINTAGE CHARM LUXE WISHES STUD SET","Серьги"
"WJW57320/712","VINTAGE CHARM LUXE WISHES BRACELET","Браслеты"
"WJW57299/712","VINTAGE CHARM LUXE WISHES NECKLACE","Колье, цепочки, шнурки"
"WJW1113/712","JC LIPSTICK KEY FOB","Брелки"
"WSG145/712","BRENTWOOD PHONE CROSSBODY","Чехлы"
"WSG126/712","BRENTWOOD COSMETIC CASE","Косметички"
"WSG125/712","BRENTWOOD TECH WALLET","Кошельки"
"WHB433/712","BRENTWOOD BACKPACK","Backpack"
"WHB429/712","BRENTWOOD MULTI CLUTCH","Clutch"
"WJW657/710","R - LUXE LEOPARD DOUBLE FINGER RING","Кольца"
"WJW638/710","R - LUXE LEOPARD DOUBLE RING","Кольца"
"WJW644/710","R - PEARL AND PAVE RING","Кольца"
"WJW603/710","R - ESTATE JEWELS DOUBLE FINGER RING","Кольца"
"WJW530/710","R - PAVE HEART PADLOCK RING","Кольца"
"WJW501/710","R - PADLOCK AND KEY STACKING RING SET","Кольца"
"WJW483/710","R - KEY DANGLE RING","Кольца"
"WJW427/710","K - GOLD MEDALLION KEYFOB","Ключницы"
"WJW425/710","K - JC PADLOCK & CHARMS KEYFOB","Ключницы"
"WJW424/710","K - ENAMEL HEART & CHARMS KEYFOB","Ключницы"
"WJW64/GOLD","N - MULTI CHARM LEATHER & CHAIN NECKLACE","Колье, цепочки, шнурки"
"WJW58/GOLD","R - TRIPLE FINGER JUICY HEART RING","Кольца"
"WJW80/GOLD","N - MULTI ICON STATION NECKLACE","Колье, цепочки, шнурки"
"WJW109/GOLD","N - PAVE STRAWBERRY WISH NECKLACE","Колье, цепочки, шнурки"
"WJW150/GOLD","E - MULTI LAYER CHANDLIER EARRING","Серьги"
"WJW85/GOLD","R - TRIPLE FINGER ICON RING","Кольца"
"WJW57/GOLD","R - PAVE TWIST KEY RING","Кольца"
"YJRU8411/GOLD","N - LOVE HEART PENDANT","Колье, цепочки, шнурки"
"YJRU8374/GOLD","N - ""SEE NO EVIL"" NECKLACE","Колье, цепочки, шнурки"
"YJRU8370/GOLD","N - ""HEIRESS TO THE THRONE"" NECKLACE","Колье, цепочки, шнурки"
"YJRU8181/GOLD","N - ""UNLOCK MY HEART"" NECKLACE","Колье, цепочки, шнурки"
"WFKT52791/015","FT COUTURE CROWN FLEECE PULLOVER","Свитера"
"WFKB52795/015","FT COUTURE CROWN FLEECE PANT","Брюки"
"PATTY/NUDE","PATTY","Балетки"
"WFWD24020/PRPO","COTTON SILK VOILE WITH LACE DRESS","Платья"
"WTKT62183/122","TRK 24 KARAT CLASSIC SS TEE","Футболки"
"WFKT42021/661","FT ANTIBES TILE EMBELLISHED PULLOVER","Свитера"
"WHB311/673","FAIRFAX CHARM CROSSBODY","Crossbody"
"WFST32294/650","NEEDLE PUNCH MOCK NECK PULLOVER","Свитера"
"PATTY/AZALEA","PATTY","Балетки"
"9JMS2032/RSFIP","SNOWFLAKE PJ TOP","Пижамы"
"JG010098/REG","Charm d'or slim pant","Брюки"
"JG010096/REG","Charm d'or pullover","Свитера"
"JWFWJ86460/467","DNM SEQUIN PATCH DENIM JKT","Куртки"
"WFWB93605/488","DNM DOME STUD EMBELLISHED BOYFRIEND JEAN","Джинсы"
"WTKT74266/477","TRK JUICY LA TEE","Футболки"
"WTKJ72760/477","TRK VELOUR ROBERTSON JACKET","Толстовки"
"WTKB68022/477","TRK VELOUR SILVERLAKE PANT","Брюки"
"WFWD65335/456","SW PLEATED FRONT WASHED SILK SHIRT DRESS","Платья"
"WFWD64962/430","SW DREW LACE DRESS","Платья"
"WFWB65319/973","HW STUDDED PASTEL TWEED SHORT","Шорты"
"WFST53126/451","SWTR FANCY STITCH CHAINETTE PULLOVER","Свитера"
"WFKR52648/450","FT DREAMIN' OF JUICY ROMPER","Комбинезоны"
"WSG147/451","LAUREL CHAINED WALLET","Кошельки"
"WHB458/451","BALBOA MINI CROSSBODY","Crossbody"
"WHB453/451","LAUREL BACKPACK","Backpack"
"WHB451/451","LAUREL CROSSBODY","Crossbody"
"WFWJ53336/468","DNM JACKET WITH SHERPA","Жакеты"
"WFWB53257/464","DNM WATER WASH GIRLFRIEND JEAN","Джинсы"
"WFKT57055/450","FT DREAMIN' OF JUICY PULLOVER","Свитера"
"WFKB52645/450","FT DREAMIN' OF JUICY SLIM PANT","Брюки"
"GHB87/451","TOO COOL FOR SCHOOL LUNCHBOX","Bowling"
"WFWB42888/469","DNM INDIGO FLARE JEAN","Джинсы"
"WJW625/444","B - STUDDED LEATHER DOUBLE WRAP","Браслеты"
"WFWB32470/492","CORE SKINNY DENIM","Джинсы"
"WTKJ50580/507","LOGO VLR GEO CROWN SUNSET JACKET","Толстовки"
"WTKB50581/507","LOGO VLR GEO CROWN DEL REY PANT","Брюки"
"WTKT50582/507","LOGO GEO CROWN SS TEE","Футболки"
"WHB463/504","SILVERLAKE BACKPACK","Backpack"
"WHB461/504","SILVERLAKE BUCKET BAG","Pouches"
"WFWT52908/503","SW SILK JUICY CHAIN PRINT BLOUSE","Блузки"
"WFWJ53190/504","HW QUILTED NYLON PUFFER PARKA","Куртки"
"WFWJ52859/600","SW EMB VARSITY JACKET","Кардиганы"
"WFWJ52541/501","HW FAUX TEDDY FUR JACKET","Куртки"
"WFWJ52531/507","HW IRIDESCENT PUFFER VEST","Жилеты"
"WFWJ52530/507","HW IRIDESCENT PUFFER JACKET","Куртки"
"WFST53129/507","SWTR EMBROIDERED BACK CARDIGAN","Кардиганы"
"WFSD53143/984","SWTR CRAFTSMAN JACQUARD SWEATER DRESS","Платья"
"WFSD53140/531","SWTR BOUCLE COWL NECK SWEATER DRESS","Платья"
"WFKT52802/504","FT ROMA FLORAL MIRROR EMB FR TR PULLOVER","Свитера"
"WFKD53100/504","KNT PONTE FLORAL EMBROIDERED DRESS","Платья"
"WFWD49924/968","SW SILK IPANEMA PAISLEY SHIRT DRESS","Платья"
"WFKT45068/531","KNT LION MEOW GRAPHIC TEE","Футболки"
"WFSJ41750/506","SWTR EXPLODED FLORAL JACQUARD JACKET","Жакеты"
"WFWR42033/537","SW SILK SEASIDE FLORAL JUMPSUIT","Комбинезоны"
"WJW575/533","R - ROYAL PUNK RING SET","Кольца"
"WSG46/462","LUXE LOCKS FLAP WALLET","Кошельки"
"WTKT31328/518","LOGO JC MEDALLION LOGO VLR ORIG JACKET","Толстовки"
"WTKT31322/518","LOGO JC MONOGRAM VLR ORIG JACKET","Толстовки"
"WTKB31357/518","LOGO JC MEDALLION VLR ORIG PANT","Брюки"
"WTKB31353/518","LOGO JC MONOGRAM VLR BOOTCUT PANT","Брюки"
"JWFKT78568/049","KNT LICENSE PLATE GRAPHIC TEE","Футболки"
"WTKT99525/049","TRK FLORAL COUTURE CLASSIC SS TEE","Футболки"
"WTKT96408/114","TRK FR. TERRY W VELOUR COLORBLOCK PLVR","Толстовки"
"WTKT87126/049","TRK INTERWOVEN JC HIGH-LOW SS TEE","Футболки"
"WTKT87125/147","TRK VLR INTERWOVEN JC CREW SS TEE","Футболки"
"WTKT87097/044","TRK VLR JUICY GEMS COLORBLOCKED PULLOVER","Свитера"
"WTKJ103828/513","TRK VLR GOTHIC CRYSTALS ROBERTSON JKT","Толстовки"
"WTKB103829/513","TRK VLR GOTHIC CRYSTALS ZUMA PANT","Брюки"
"WTKB103791/147","TRK VLR INTERWOVEN JC DEL REY PANT","Брюки"
"WFST103959/049","SWTR CASHMERE JUICY COLORBLOCK PULLOVER","Свитера"
"WTKT74262/147","TRK VLR JUICY LA SLOUCHY HOODED PULLOVER","Толстовки"
"WTKJ68021/147","TRK VELOUR FAIRFAX JACKET","Толстовки"
"WTKJ68019/147","TRK VELOUR BEACHWOOD JACKET","Толстовки"
"WTKB68022/147","TRK VELOUR SILVERLAKE PANT","Брюки"
"WFKT64653/065","KNT LA ROCK EMBLEM GRAPHIC TEE","Футболки"
"WJW57506/040","S/3 CHARMY","Заколки, резинки, шпильки"
"WSG167/043","BRENTWOOD SNAP WALLET","Кошельки"
"WSG151/043","BRENTWOOD CARD CASE","Визитницы"
"WSG150/043","BRENTWOOD MEDIUM POUCH","Косметички"
"WSG148/043","BRENTWOOD SMALL ZIP WALLET","Кошельки"
"WJW61422/040","S-EMB LUXE WISHES BAR STUDS","Серьги"
"WJW57573/040","S-EMB LUXE WISHES CUFF","Браслеты"
"WJW57571/040","S-EMB LUXE WISHES NECKLACE","Колье, цепочки, шнурки"
"WJW57510/032","S/10 CHARMY","Заколки, резинки, шпильки"
"WHB524/043","BRENTWOOD TOP HANDLE CROSSBODY","Crossbody"
"WHB523/043","BRENTWOOD MULTI CLUTCH","Clutch"
"WFKR56733/147","FT VLR JUICY LACE ROMPER","Комбинезоны"
"WFKJ50577/147","FT VLR JUICY LACE ROBERTSON JACKET","Толстовки"
"WFKB50578/147","FT VLR JUICY LACE DEL REY PANT","Брюки"
"WTKJ50558/029","LOGO VLR STARBURST CAMEO ROBERTSON JCKT","Толстовки"
"WTKJ50551/029","J BLING WESTWOOD VLR JACKET","Толстовки"
"WTKB50559/029","LOGO VLR STARBURST CAMEO DEL REY PANT","Брюки"
"WFWB53326/060","DNM FOLKLORE FLORAL EMB GIRLFRIEND JEAN","Джинсы"
"WFWB53268/061","DNM LOLA WASH SKINNY JEAN","Джинсы"
"WTKB34246/029","LOGO JUICY DIAMONDS VLR ORIG PANT","Брюки"
"WTKB31356/029","LOGO JC CROWN VLR ORIG PANT","Брюки"
"WIKD33342/049","I HEART JUICY GRAPHIC NIGHTIE","Футболки"
"WFWD24020/INNI","COTTON SILK VOILE WITH LACE DRESS","Платья"
"JG010003/GUNM","SHIMMER SKIRT","Юбки"
"JG010098/TOPH","Charm d'or slim pant","Брюки"
"JG010096/TOPH","Charm d'or pullover","Свитера"
"JG005959/TOPH","J BLING ORIG VLR JACKET","Толстовки"
"JG008318/TOPH","SLIM COMFY PANT","Брюки"
"WFKT78470/452","KNT EMBELLISHED CALIFORNIA TANK","Футболки"
"WFWD76730/962","SW HORIZON STRIPE DRESS","Платья"
"WFST82959/982","STWR GOTHIC JUICY COLORBLOCKED PULLOVER","Свитера"
"WFST77638/969","SWTR LUREX STRIPE LT WT CARDIGAN","Кардиганы"
"WFST85787/962","SWTR MULTI-COLOR STRIPE PULLOVER W SCARF","Свитера"
"WFWD47701/446","SW SILK COASTLINE STRIPE DRESS","Платья"
"WFWB48198/414","DNM TIE BLEACH GIRLFRIEND JEAN","Джинсы"
"WFKT43122/105","KNT MATISSE FLORAL GRAPHIC TEE","Футболки"
"WFKD42153/976","KNT JERSEY ST TROPEZ STRIPE MAXI DRESS","Платья"
"WFWD41999/964","SW SILK DEL MAR CHEVRON DRESS","Платья"
"WFWT32452/506","BOHO GODDESS PETUNIA SHIRT","Блузки"
"WFSD32605/954","OPPOSITES ATTRACT HEART JACQUARD DRESS","Платья"
"WIWD24588/SOPAL","FOREVER PALMS SILK AND LACE ROMPER","Пижамы"
"WSKT24596/FPLEO","REVERSIBLETANK W/BBALL MESH","Топы, майки"
"WTKT86098/612","TRK LW VELOUR VNECK PULLOVER","Толстовки"
"WTKJ85956/612","TRK VLR SOLID QUILTED BOMBER","Куртки"
"WTKD96095/410","TRK STRCH VLR STRIPED FITTED MIDI DRESS","Платья"
"WTKB79173/612","TRK LW VELOUR MALIBU PANT","Брюки"
"WHB774/612","FAIRMONT FAIRYTALE VELOUR LIL J","Crossbody"
"WJW575/622","R - ROYAL PUNK RING SET","Кольца"
"WSG46/621","LUXE LOCKS FLAP WALLET","Кошельки"
"WIWT25142/SSTAR","SILK S/S PJ TOP","Пижамы"
"WIWB25143/SSTAR","SILK PJ PANT","Пижамы"
"WIWD25141/SSTAR","SILK NIGHTSHIRT","Сорочки ночные"
"WFST26380/SIRE","TONAL DAISY INTARSIA PULLOVER","Свитера"
"WFWD24031/ASIRE","OVERPRINTED PLEATED DRESS","Платья"
"WFWD24005/SBUDS","DARLING BUDS WASHED SILK DRESS","Платья"
"WTKT103090/238","TRK STRETCH VELOUR STRIPED PULLOVER","Свитера"
"WSG15/LMDE","PALM OASIS SLGS PINAPPLE COIN PURSE","Кошельки"
"JG010362/FFLOR","PRINTED SILK PANT","Брюки"
"YJRU8214/GOLD","N - pave and gold spike chain necklace","Колье, цепочки, шнурки"
"YJRU8264/GOLD","R - kitty ring","Кольца"
"YJRU8212/GOLD","R - pave open double ring","Кольца"
"YJRU8132/GOLD","R - pave lips ring","Кольца"
"YJRU8131/GOLD","R - pave eye ring","Кольца"
"YJRU8349/GOLD","C - puffed pave heart mini charm","Подвески, кулоны"
"YJRU8320/GOLD","C - pave cat mini charm","Подвески, кулоны"
"YJRU8182/GOLD","N - ""a piece of my heart"" necklace","Колье, цепочки, шнурки"
"YJRU8176/GOLD","N - pave ball large chain necklace","Колье, цепочки, шнурки"
"YJRU8115/GOLD","N - gold bow & medallion chain link neck","Колье, цепочки, шнурки"
"WHB499/987","SOLSTICE LEOPARD MINI BACKPACK","Backpack"
"WJW70959/712","VELVET CHOKER","Колье, цепочки, шнурки"
"WJW70958/712","LACE CHOKER","Колье, цепочки, шнурки"
"WJW62464/712","CHARM STARTER CHOKER NECKLACE","Колье, цепочки, шнурки"
"WJW62464/040","CHARM STARTER CHOKER NECKLACE","Колье, цепочки, шнурки"
"WSG235/139","FULLERTON DAISY CARD CASE","Визитницы"
"WSG231/009","BEACHWOOD CANYON WALLET ON A CHAIN","Кошельки"
"WSG227/985","ZEPHYR LEOPARD WALLET ON A CHAIN","Кошельки"
"WSG226/985","ZEPHYR LEOPARD PHONE WALLET","Чехлы"
"WSG220/132","FULLERTON DAISY PHONE WALLET","Чехлы"
"WJW71050/040","PAVE HEART HOOP EARRINGS","Серьги"
"WJW71049/712","PINEAPPLE WISHES STUDS","Серьги"
"WJW71010/712","HEART EXPRESSIONS STUD SET","Серьги"
"WJW71010/040","HEART EXPRESSIONS STUD SET","Серьги"
"WJW71009/712","JUICY EXPRESSIONS STUD SET","Серьги"
"WJW71009/040","JUICY EXPRESSIONS STUD SET","Серьги"
"WJW68789/712","BEADED CROWN LUXE WISHES RING","Кольца"
"WJW68789/040","BEADED CROWN LUXE WISHES RING","Кольца"
"WJW68694/712","LOVE RULES CUFF","Браслеты"
"WJW68694/040","LOVE RULES CUFF","Браслеты"
"WJW68679/712","LOVE LETTERS CHAIN BRACELET","Браслеты"
"WJW68679/040","LOVE LETTERS CHAIN BRACELET","Браслеты"
"WJW68277/712","BEADED CROWN LUXE WISHES BRACELET","Браслеты"
"WJW68277/040","BEADED CROWN LUXE WISHES BRACELET","Браслеты"
"WJW68271/712","HEART HOOP EARRINGS","Серьги"
"WJW68271/040","HEART HOOP EARRINGS","Серьги"
"WJW68261/712","DAINTY V HAND CHAIN","Браслеты"
"WJW68261/040","DAINTY V HAND CHAIN","Браслеты"
"WJW66481/690","HEART ARROW LUXE WISHES RINGS","Кольца"
"WJW66481/040","HEART ARROW LUXE WISHES RINGS","Кольца"
"WJW66479/712","BEADED CROWN LUXE WISHES EARRINGS","Серьги"
"WJW66479/040","BEADED CROWN LUXE WISHES EARRINGS","Серьги"
"WJW62542/712","MINI CHARM LUXE WISHES BRACELET","Браслеты"
"WJW62540/712","MINI CHARM LUXE WISHES NECKLACE","Колье, цепочки, шнурки"
"WJW62537/712","BEADED CROWN LUXE WISHES NECKLACE","Колье, цепочки, шнурки"
"WJW62528/712","PAVE INFINITY LUXE WISHES BRACELET","Браслеты"
"WJW62528/040","PAVE INFINITY LUXE WISHES BRACELET","Браслеты"
"WJW62527/712","PAVE INFINITY LUXE WISHES RING","Кольца"
"WJW62527/040","PAVE INFINITY LUXE WISHES RING","Кольца"
"WJW62518/712","LOVE YOU LATTE KEY FOB","Брелки"
"WJW62495/690","HEART ARROW LUXE WISHES EARRINGS","Серьги"
"WJW62495/040","HEART ARROW LUXE WISHES EARRINGS","Серьги"
"WJW62492/712","SLIDING CROWN EXPRESSIONS BRACELET","Браслеты"
"WJW62492/040","SLIDING CROWN EXPRESSIONS BRACELET","Браслеты"
"WJW62490/712","CROWN EXPRESSIONS STUD SET","Серьги"
"WJW62490/040","CROWN EXPRESSIONS STUD SET","Серьги"
"WJW62489/712","SLIDING CROWN EXPRESSIONS NECKLACE","Колье, цепочки, шнурки"
"WJW62489/040","SLIDING CROWN EXPRESSIONS NECKLACE","Колье, цепочки, шнурки"
"WJW62487/690","HEART ARROW LUXE WISHES BRACELET","Браслеты"
"WJW62487/040","HEART ARROW LUXE WISHES BRACELET","Браслеты"
"WJW62486/690","HEART ARROW LUXE WISHES NECKLACE","Колье, цепочки, шнурки"
"WJW62453/712","HEART LINK STATEMENT BRACELET","Браслеты"
"WJW62450/712","ICE CREAM CONE CHARM","Подвески, кулоны"
"WJW62445/712","EVIL EYE CHARM","Подвески, кулоны"
"WJW62436/040","CHOCOLATE BOX HEART CHARM","Подвески, кулоны"
"WJW62434/712","BEE CHARM","Подвески, кулоны"
"WHB689/113","PACIFIC YEAH BACKPACK","Backpack"
"WHB688/009","PACIFIC GRAFFITI BACKPACK","Backpack"
"WHB647/009","BEACHWOOD CANYON MINI BACKPACK","Backpack"
"WHB642/009","OLYMPIC SATCHEL","Satchels"
"WFWR65666/054","DNM GREY TENCEL ROMPER","Комбинезоны"
"WFWJ65324/138","HW BLACK MIXED TWEED JACKET","Жакеты"
"WFWD64959/118","SW FLIRTY RUFFLE DRESS","Платья"
"WFWD64958/964","SW CHATEAU LEOPARD LACE TRIM DRESS","Платья"
"WFWB72634/484","DNM GOSSIP POP PATCHED INDIGO SHORT","Шорты"
"WFWB65325/138","HW BLACK MIXED TWEED SKIRT","Юбки"
"JWTKT71633/049","TRK CALIFORNIA PATCHES PULLOVER","Свитера"
"JWFKT73485/666","KNT JUICY ROUND LOGO GRAPHIC TEE","Футболки"
"JWFKT73485/453","KNT JUICY ROUND LOGO GRAPHIC TEE","Футболки"
"JWFKT73485/100","KNT JUICY ROUND LOGO GRAPHIC TEE","Футболки"
"JWFWD71890/458","SW CHAMBRAY RUFFLE DRESS","Платья"
"JWFWD71888/100","SW DOBBY DRESS","Платья"
"JWFWB75820/428","DNM INDIGO DIP DYE SKIRT","Юбки"
"JWFWB71108/428","DNM INDIGO DIP DYE GIRLFRIEND JEAN","Джинсы"
"JWFWB71103/470","DNM PALM PATCHED MID RISE SHORT W/ FRAY","Шорты"
"JWFWB71080/007","DNM BLACK MID RISE SHORT W/ FRAY","Шорты"
"JWFKT73486/687","KNT JUICY LOGO GRAPHIC TEE","Футболки"
"JWFKT73486/119","KNT JUICY LOGO GRAPHIC TEE","Футболки"
"JWFKT73486/009","KNT JUICY LOGO GRAPHIC TEE","Футболки"
"JWFWJ71094/467","DNM CHEEKY WASH W GROMMETS VEST","Жилеты"
"JWFWJ71092/468","DNM BREEZY WASH JACKET","Куртки"
"JWFWD71752/993","SW FLORAL ILLUSION LACE DRESS","Платья"
"JWFWB73574/464","DNM PARADISE WASH CORE SHORT","Шорты"
"JWFWB71884/468","DNM BREEZY WASH GIRLFRIEND SHORT","Шорты"
"JWFWB71883/468","DNM BREEZY WASH SKINNY JEAN","Джинсы"
"JWFWB71765/009","SW TUMBLED SATIN PANT","Брюки"
"JWFWB71404/103","DO NOT USE  DROPPED FOR BULK","Шорты"
"JWFWB71401/742","DNM SUNSET WASH SKINNY CROP JEAN","Джинсы"
"JWFWB71097/103","DNM BLEACHED BLONDE WASH SKIRT","Юбки"
"JWFWB71096/467","DNM CHEEKY WASH W FRAY SKIRT","Юбки"
"JWFWB71072/461","DNM MOONLIGHT WASH SKINNY JEAN","Джинсы"
"JWFKR71779/009","KNT TAKE ME TO PARADISE KNIT ROMPER","Комбинезоны"
"R23J005/110","BOW BACK CAMI","Топы, майки"
"R23J005/001","BOW BACK CAMI","Топы, майки"
"R26J016/030","LACING DETAIL PULLOVER","Пижамы"
"R26J016/001","LACING DETAIL PULLOVER","Пижамы"
"R87J004/960","CAMI & SHORTIE PJ SET","Пижамы"
"R64J002/960","SLIM PANT","Пижамы"
"WJW57505/110","S/3 CHARMY","Заколки, резинки, шпильки"
"WFWJ57418/005","HW SPECKLED TWEED JACKET","Жакеты"
"WFWB57421/005","HW SPECKLED TWEED SKIRT","Юбки"
"WFKD63316/003","KNT SPARKLE PONTE DRESS","Платья"
"WFWT57367/434","SW SATIN BLOUSE","Блузки"
"WFWJ60840/434","HW HOODED PUFFER JACKET","Куртки"
"WFWJ57701/313","FT BONDED SATIN JACKET","Куртки"
"WFWD57406/968","SW ROMANOV SILK SHIRTDRESS","Платья"
"WFWD57405/416","SW AVANT-GARDE GEO DRESS","Платья"
"WFWB66187/473","DNM RIP AND REPAIR GIRLFRIEND JEAN","Джинсы"
"WFWB60974/459","DNM EMBELLISHED BOYFRIEND JEAN","Джинсы"
"WFWB57548/403","DNM CHAIN TRIMMED SKINNY JEAN","Джинсы"
"WFWB57323/968","SW SILK ROMANOV FLORAL HAREM PANT","Брюки"
"WFST57843/975","SWTR EXPLODED BELARUS GEO PULLOVER","Свитера"
"WFST57837/534","SWTR IMPERIAL LEOPARD JACQUARD CARDIGAN","Кардиганы"
"WFSD57842/951","SWTR SPUTNIK GEO JACQUARD SWEATER DRESS","Платья"
"WFSB57794/011","SWTR PLEATED DAZZLE SKIRT","Юбки"
"WFKT63267/669","KNT COSMONAUT GEO JACQUARD PULLOVER","Свитера"
"WFKT63257/413","KNT COLORBLOCK PONTE PULLOVER","Свитера"
"WFKT57658/535","FT IMPERIAL LEOPARD PULLOVER","Свитера"
"WFKJ57333/985","KNT LUREX BOUCLE FUNNEL NECK JACKET","Жакеты"
"WFKD57339/413","KNT PONTE COLOR BLOCK DRESS","Платья"
"WFKB57659/535","FT IMPERIAL LEOPARD RELAXED LOUNGE PANT","Брюки"
"WSG161/535","BRENTWOOD CARD CASE","Визитницы"
"WJW61959/610","PUFF CROWN KEY FOB","Брелки"
"WJW57510/538","S/10 CHARMY","Заколки, резинки, шпильки"
"WJW57508/541","S/3 CHARMY","Заколки, резинки, шпильки"
"WHB577/021","NOVELTY BALBOA LACE MINI CROSSBODY","Crossbody"
"WHB576/968","NOVELTY BALBOA ROMANOV FLORAL MINI CROSS","Crossbody"
"WHB563/535","BRENTWOOD MULTI CLUTCH","Clutch"
"WHB524/437","BRENTWOOD TOP HANDLE CROSSBODY","Crossbody"
"WHB523/437","BRENTWOOD MULTI CLUTCH","Clutch"
"WHB520/005","WESTSIDE BACKPACK","Backpack"
"WHB519/005","WESTSIDE CONVERTIBLE CROSSBODY SHOULDER","Crossbody"
"WFST62946/052","SWTR SWAROVSKI CASHMERE TRACK JACKET","Толстовки"
"WFST62207/052","SWTR CASHMERE TRACK JACKET","Толстовки"
"WFST62207/026","SWTR CASHMERE TRACK JACKET","Толстовки"
"WFSB62203/052","SWTR CASHMERE PANT","Брюки"
"WFSB62203/026","SWTR CASHMERE PANT","Брюки"
"WFA185/026","CASHMERE BEANIE","Шапки"
"WFA183/026","CASHMERE SCARF","Шарфы"
"WFKJ52587/420","KNT BONDED JACQUARD MILITARY JACKET","Куртки"
"WSKT53180/002","SPT WILD AND FREE TONAL CHAIN ANORAK","Жакеты"
"WHB514/107","BALBOA MINI CROSSBODY","Crossbody"
"WHB512/541","BALBOA MINI CROSSBODY","Crossbody"
"WHB465/509","SILVERLAKE BUCKET BAG","Pouches"
"WHB446/981","JC SPORT CHAIN KIT BAG","Crossbody"
"WFWT56724/651","SW BUCHAREST FLORAL LACE TOP","Топы, майки"
"WFWT56724/003","SW BUCHAREST FLORAL LACE TOP","Топы, майки"
"WFWT52922/716","SW REGENT LEOPARD BLOUSE","Блузки"
"WFWT52874/988","SW KRONBERG PLAID BLOUSE","Блузки"
"WFWT52867/839","SW STOCKHOLM FLORAL BLOUSE","Блузки"
"WFWJ53160/712","HW QUILTED NYLON REVERSIBLE PUFFER JCKT","Жакеты"
"WFWJ53159/712","HW NYLON QUILTED REVERSIBLE PUFFER VEST","Жилеты"
"WFWJ52856/687","SW MARAMURES FLORAL JACQUARD JACKET","Кардиганы"
"WFWJ52577/541","HW CHUNKY TWEED JACKET","Куртки"
"WFWJ52575/412","HW BASKETWEAVE PLAID COAT","Пальто"
"WFWJ52574/411","HW MULTICOLOR FAUX FUR COAT","Пальто"
"WFWJ52539/542","HW WOOLY OMBRE COAT","Пальто"
"WFWJ52528/100","HW PAPER TWEED JACKET","Куртки"
"WFWD56700/509","SW ESMERELDA PLAID FLIRTY DRESS","Платья"
"WFWD52924/416","SW DANUBE FLORAL PRINT MIX MAXI DRESS","Платья"
"WFWD52909/651","SW BUCHAREST FLORAL LACE DRESS","Платья"
"WFWD52909/003","SW BUCHAREST FLORAL LACE DRESS","Платья"
"WFWD52907/687","SW MARAMURES JACQUARD DRESS","Платья"
"WFWD52905/540","SW ALBA FLORAL MAXI DRESS","Платья"
"WFWD52902/552","SW SILK TULCEA DITSY FLORAL DRESS","Платья"
"WFWD52897/838","SW SILK FABLE FLORAL MAXI DRESS","Платья"
"WFWD52884/978","SW SILK MALMO LANDSCAPE SHIRT DRESS","Платья"
"WFWD52880/103","SW SWEDISH FLORAL LACE DRESS","Платья"
"WFWD52865/839","SW STOCKHOLM FLORAL DRESS","Платья"
"WFWB53270/016","DNM BLACK SKINNY REPAIR JEAN","Джинсы"
"WFWB52910/651","SW BUCHAREST FLORAL LACE SKIRT","Юбки"
"WFWB52910/003","SW BUCHAREST FLORAL LACE SKIRT","Юбки"
"WFWB52876/988","SW KRONBERG PLAID MAXI SKIRT","Юбки"
"WFWB52579/541","HW CHUNKY TWEED SKIRT","Юбки"
"WFWB52559/100","HW PAPER TWEED SKIRT","Юбки"
"WFST56932/970","SWTR PUFFER SWEATER CARDIGAN","Кардиганы"
"WFST53136/671","SWTR TWISTED OMBRE CABLE PULLOVER","Свитера"
"WFST53131/665","SWTR TWEED MULTI YARN CHAIN CARDIGAN","Кардиганы"
"WFST53119/680","SWTR BASKET WEAVE STITCH LOOSE PULLOVER","Свитера"
"WFSJ53117/836","SWTR BOUCLE JACKET WITH EMBELLISHMENT","Кардиганы"
"WFSD56865/019","SWTR COUNTRYSIDE LACE JACQ SWEATER DRESS","Платья"
"WFSD53123/455","SWTR FJORD FLORAL JACQUARD SWEATER DRESS","Платья"
"WFKT56864/440","KNT MONOGRAM GRAPHIC TEE","Футболки"
"WFKT52605/442","KNT JUICY WRAP AROUND FASHION GRPHC TEE","Футболки"
"WFKT52596/830","KNT JUICY LABEL FASHION GRAPHIC TEE","Футболки"
"WFKJ52764/004","FT JUICY CHAIN VELOUR JACQ JACKET","Кардиганы"
"WFKJ52676/710","FT METALLIC FOIL FRENCH TERRY JACKET","Кардиганы"
"WFKD52540/834","KNT HOUNDSTOOTH JACQUARD DRESS","Платья"
"WFKD52537/973","KNT PONTE COLOR BLOCK DRESS","Платья"
"WFKD52535/108","KNT FJORD HERRINGBONE JACQUARD DRESS","Платья"
"WFKB53114/961","KNT ALL OVER FLORAL SEQUIN PENCIL SKIRT","Юбки"
"WFKB52769/004","FT JUICY CHAIN VELOUR JACQ PANT","Брюки"
"WFKB52720/652","FT COLOR BLOCK FRENCH TERRY SHORT","Шорты"
"WFA137/671","OMBRE TWISTED CABLE SCARF","Шарфы"
"WFA136/671","OMBRE TWISTED GLOVES","Перчатки, варежки, муфты"
"WFA135/671","OMBRE TWISTED CABLE HAT","Шапки"
